"date","close","start","high","low","volume","change"
"2024- 02- 12","11.26","11.14","11.32","10.97","101.63M","1.26%"
"2024- 02- 09","11.12","11.37","11.44","11.06","103.61M","-2.88%"
"2024- 02- 08","11.45","11.51","11.57","11.39","78.72M","-0.52%"
"2024- 02- 07","11.51","11.64","11.75","11.43","122.76M","-2.95%"
"2024- 02- 06","11.86","11.70","12.06","11.65","123.24M","0.68%"
"2024- 02- 05","11.78","11.74","12.07","11.69","154.80M","0.51%"
"2024- 02- 02","11.72","12.20","12.28","11.63","189.77M","-5.02%"
"2024- 02- 01","12.34","12.64","12.73","12.31","153.24M","-3.44%"
"2024- 01- 31","12.78","12.46","12.80","12.28","174.72M","5.88%"
"2024- 01- 30","12.07","11.92","12.15","11.87","87.41M","2.03%"
"2024- 01- 29","11.83","12.16","12.22","11.81","89.77M","-2.95%"
"2024- 01- 26","12.19","12.14","12.25","11.99","113.06M","1.84%"
"2024- 01- 25","11.97","11.80","12.18","11.74","141.39M","-0.17%"
"2024- 01- 24","11.99","11.85","12.04","11.65","171.11M","-1.64%"
"2024- 01- 23","12.19","12.29","12.45","12.18","90.44M","-1.22%"
"2024- 01- 22","12.34","12.20","12.40","12.08","113.84M","-0.32%"
"2024- 01- 19","12.38","12.95","13.01","12.37","162.23M","-5.86%"
"2024- 01- 18","13.15","13.42","13.55","13.10","160.54M","-4.15%"
"2024- 01- 17","13.72","13.82","14.15","13.68","139.74M","1.70%"
"2024- 01- 16","13.49","13.60","13.75","13.33","132.81M","0.15%"
"2024- 01- 12","13.47","13.39","13.62","13.31","113.27M","-0.15%"
"2024- 01- 11","13.49","13.45","14.00","13.30","155.06M","-0.37%"
"2024- 01- 10","13.54","13.79","13.89","13.44","96.55M","-2.03%"
"2024- 01- 09","13.82","14.21","14.24","13.72","110.75M","-0.50%"
"2024- 01- 08","13.89","14.67","14.69","13.86","115.49M","-6.15%"
"2024- 01- 05","14.80","14.84","14.96","14.49","146.00M","-0.27%"
"2024- 01- 04","14.84","14.84","14.87","14.48","111.61M","1.71%"
"2024- 01- 03","14.59","14.43","14.65","14.32","130.68M","3.18%"
"2024- 01- 02","14.14","13.81","14.38","13.79","125.82M","5.13%"
"2023- 12- 29","13.45","13.29","13.64","13.25","119.57M","1.36%"
"2023- 12- 28","13.27","13.13","13.31","13.11","61.87M","0.38%"
"2023- 12- 27","13.22","13.28","13.36","13.19","88.83M","-0.53%"
"2023- 12- 26","13.29","13.46","13.47","13.23","57.45M","-1.77%"
"2023- 12- 22","13.53","13.48","13.73","13.38","88.06M","-0.51%"
"2023- 12- 21","13.60","13.67","13.94","13.55","117.08M","-3.27%"
"2023- 12- 20","14.06","13.55","14.07","13.33","129.16M","2.33%"
"2023- 12- 19","13.74","13.90","13.92","13.72","80.83M","-1.36%"
"2023- 12- 18","13.93","14.16","14.20","13.84","97.07M","-2.25%"
"2023- 12- 15","14.25","14.33","14.39","14.07","116.44M","-1.11%"
"2023- 12- 14","14.41","14.23","14.73","14.09","130.17M","0.49%"
"2023- 12- 13","14.34","14.81","14.89","14.27","142.06M","-3.76%"
"2023- 12- 12","14.90","15.26","15.40","14.89","97.66M","-2.36%"
"2023- 12- 11","15.26","15.71","15.74","15.22","97.53M","-2.55%"
"2023- 12- 08","15.66","16.07","16.10","15.60","128.28M","-1.20%"
"2023- 12- 07","15.85","16.17","16.31","15.75","110.53M","-4.06%"
"2023- 12- 06","16.52","15.87","16.57","15.85","107.37M","1.79%"
"2023- 12- 05","16.23","16.60","16.63","16.08","112.27M","-0.73%"
"2023- 12- 04","16.35","16.37","16.80","16.31","124.31M","2.86%"
"2023- 12- 01","15.90","16.17","16.38","15.82","123.67M","-0.78%"
"2023- 11- 30","16.02","15.87","16.39","15.81","133.98M","0.82%"
"2023- 11- 29","15.89","15.53","15.92","15.35","114.30M","0.44%"
"2023- 11- 28","15.82","16.04","16.09","15.75","106.29M","-0.69%"
"2023- 11- 27","15.93","15.96","16.05","15.69","90.57M","0.19%"
"2023- 11- 24","15.90","15.87","16.01","15.80","49.68M","0.57%"
"2023- 11- 22","15.81","15.75","15.94","15.43","114.64M","-1.13%"
"2023- 11- 21","15.99","15.91","16.20","15.89","109.44M","1.85%"
"2023- 11- 20","15.70","16.29","16.29","15.60","114.44M","-3.56%"
"2023- 11- 17","16.28","16.38","16.50","16.14","111.13M","0.03%"
"2023- 11- 16","16.27","16.42","16.59","16.25","127.07M","-0.15%"
"2023- 11- 15","16.30","16.08","16.47","16.02","144.69M","-0.24%"
"2023- 11- 14","16.34","16.55","16.62","16.19","151.85M","-6.31%"
"2023- 11- 13","17.44","17.49","17.71","17.29","104.65M","0.93%"
"2023- 11- 10","17.28","18.25","18.34","17.24","157.96M","-6.65%"
"2023- 11- 09","18.51","17.99","18.58","17.81","167.34M","2.49%"
"2023- 11- 08","18.06","18.04","18.40","17.94","116.61M","-0.22%"
"2023- 11- 07","18.10","18.45","18.64","17.95","126.55M","-2.74%"
"2023- 11- 06","18.61","18.71","18.96","18.51","100.92M","-1.12%"
"2023- 11- 03","18.82","19.31","19.34","18.61","142.86M","-3.49%"
"2023- 11- 02","19.50","19.83","20.04","19.46","124.14M","-5.20%"
"2023- 11- 01","20.57","21.56","21.58","20.48","153.22M","-5.21%"
"2023- 10- 31","21.70","22.02","22.52","21.64","116.06M","-1.50%"
"2023- 10- 30","22.03","22.28","22.56","21.75","139.94M","-3.16%"
"2023- 10- 27","22.75","22.55","23.02","22.06","184.18M","-1.47%"
"2023- 10- 26","23.09","22.06","23.34","21.89","186.66M","5.92%"
"2023- 10- 25","21.80","20.73","21.91","20.70","149.75M","7.34%"
"2023- 10- 24","20.31","20.59","20.90","20.17","127.65M","-2.82%"
"2023- 10- 23","20.90","21.34","21.72","20.26","159.61M","-0.85%"
"2023- 10- 20","21.08","20.27","21.12","20.17","162.12M","4.56%"
"2023- 10- 19","20.16","19.39","20.30","19.19","197.20M","2.80%"
"2023- 10- 18","19.61","19.24","19.80","18.89","142.59M","4.14%"
"2023- 10- 17","18.83","19.20","19.53","18.58","137.24M","1.02%"
"2023- 10- 16","18.64","19.08","19.12","18.48","109.14M","-3.42%"
"2023- 10- 13","19.30","18.49","19.51","18.41","158.91M","3.82%"
"2023- 10- 12","18.59","18.31","18.94","18.04","148.99M","1.20%"
"2023- 10- 11","18.37","18.56","18.83","18.33","116.69M","-2.08%"
"2023- 10- 10","18.76","19.02","19.10","18.33","115.20M","-1.57%"
"2023- 10- 09","19.06","19.74","19.98","18.97","113.96M","-1.55%"
"2023- 10- 06","19.36","20.90","21.05","19.16","181.15M","-4.96%"
"2023- 10- 05","20.37","20.19","20.96","20.12","119.69M","0.99%"
"2023- 10- 04","20.17","20.86","20.95","20.00","147.99M","-4.00%"
"2023- 10- 03","21.01","20.37","21.28","20.00","135.25M","5.31%"
"2023- 10- 02","19.95","20.41","20.52","19.70","126.37M","-2.40%"
"2023- 09- 29","20.44","19.89","20.67","19.64","162.80M","-0.20%"
"2023- 09- 28","20.48","21.16","21.32","20.09","140.36M","-2.24%"
"2023- 09- 27","20.95","20.92","21.63","20.62","153.11M","-0.71%"
"2023- 09- 26","21.10","20.64","21.28","20.55","118.13M","4.56%"
"2023- 09- 25","20.18","20.65","20.83","20.17","114.03M","-1.42%"
"2023- 09- 22","20.47","20.18","20.53","19.81","133.89M","-0.05%"
"2023- 09- 21","20.48","20.00","20.50","19.87","141.09M","5.79%"
"2023- 09- 20","19.36","18.42","19.38","18.35","115.33M","2.49%"
"2023- 09- 19","18.89","18.97","19.36","18.77","106.36M","0.75%"
"2023- 09- 18","18.75","18.96","19.01","18.58","88.39M","-0.37%"
"2023- 09- 15","18.82","18.08","18.94","18.02","123.63M","5.26%"
"2023- 09- 14","17.88","18.07","18.37","17.73","120.88M","-2.30%"
"2023- 09- 13","18.30","18.48","18.65","18.05","119.80M","-1.03%"
"2023- 09- 12","18.49","18.14","18.55","17.95","94.98M","3.35%"
"2023- 09- 11","17.89","18.09","18.39","17.82","95.07M","-3.51%"
"2023- 09- 08","18.54","18.63","18.70","18.20","99.27M","-0.38%"
"2023- 09- 07","18.61","18.88","19.03","18.50","117.72M","2.37%"
"2023- 09- 06","18.18","17.83","18.48","17.79","120.21M","2.60%"
"2023- 09- 05","17.72","17.90","18.03","17.54","87.79M","-0.28%"
"2023- 09- 01","17.77","17.37","17.99","17.31","113.45M","0.34%"
"2023- 08- 31","17.71","17.86","17.86","17.45","102.52M","-0.67%"
"2023- 08- 30","17.83","18.11","18.27","17.75","118.36M","-1.71%"
"2023- 08- 29","18.14","19.43","19.48","18.07","134.73M","-6.40%"
"2023- 08- 28","19.38","19.35","19.80","19.23","109.82M","-2.22%"
"2023- 08- 25","19.82","20.16","20.75","19.53","214.02M","-2.41%"
"2023- 08- 24","20.31","18.52","20.32","18.50","150.10M","6.73%"
"2023- 08- 23","19.03","19.79","19.83","18.86","126.02M","-4.75%"
"2023- 08- 22","19.98","19.47","20.09","19.45","118.94M","0.55%"
"2023- 08- 21","19.87","20.63","20.72","19.76","132.13M","-4.84%"
"2023- 08- 18","20.88","21.38","21.48","20.65","164.43M","0.48%"
"2023- 08- 17","20.78","19.89","20.86","19.84","144.37M","3.38%"
"2023- 08- 16","20.10","19.57","20.12","19.32","135.66M","3.29%"
"2023- 08- 15","19.46","19.03","19.58","18.90","115.84M","3.18%"
"2023- 08- 14","18.86","19.65","19.77","18.84","131.88M","-3.33%"
"2023- 08- 11","19.51","19.56","19.75","19.24","134.33M","1.99%"
"2023- 08- 10","19.13","18.75","19.37","18.21","176.43M","-0.36%"
"2023- 08- 09","19.20","18.55","19.33","18.53","141.40M","3.28%"
"2023- 08- 08","18.59","18.50","19.05","18.50","119.85M","2.65%"
"2023- 08- 07","18.11","18.32","18.67","18.10","107.09M","-2.48%"
"2023- 08- 04","18.57","18.03","18.65","17.69","160.83M","1.36%"
"2023- 08- 03","18.32","18.58","18.60","17.99","141.26M","0.77%"
"2023- 08- 02","18.18","17.55","18.37","17.54","173.99M","6.57%"
"2023- 08- 01","17.06","17.13","17.35","16.96","104.22M","0.89%"
"2023- 07- 31","16.91","16.92","17.12","16.78","85.59M","-0.29%"
"2023- 07- 28","16.96","17.35","17.42","16.81","155.06M","-5.41%"
"2023- 07- 27","17.93","17.01","18.12","16.78","164.80M","0.96%"
"2023- 07- 26","17.76","17.75","18.10","17.53","120.85M","1.02%"
"2023- 07- 25","17.58","17.85","17.86","17.35","80.29M","-2.01%"
"2023- 07- 24","17.94","17.90","18.23","17.75","83.62M","-0.50%"
"2023- 07- 21","18.03","17.52","18.09","17.41","132.84M","1.01%"
"2023- 07- 20","17.85","17.10","18.00","16.90","147.42M","7.14%"
"2023- 07- 19","16.66","16.53","16.86","16.38","119.87M","0.00%"
"2023- 07- 18","16.66","17.17","17.43","16.47","117.77M","-2.46%"
"2023- 07- 17","17.08","17.47","17.53","16.95","84.89M","-2.68%"
"2023- 07- 14","17.55","17.48","17.68","17.03","119.67M","0.06%"
"2023- 07- 13","17.54","17.99","18.08","17.41","114.22M","-4.88%"
"2023- 07- 12","18.44","18.52","18.84","18.23","132.92M","-3.76%"
"2023- 07- 11","19.16","19.38","19.73","19.09","87.51M","-1.39%"
"2023- 07- 10","19.43","19.51","19.92","19.33","96.27M","-0.10%"
"2023- 07- 07","19.45","19.30","19.49","18.79","96.44M","1.09%"
"2023- 07- 06","19.24","19.39","19.70","19.18","103.77M","2.39%"
"2023- 07- 05","18.79","19.04","19.04","18.53","86.96M","0.00%"
"2023- 07- 03","18.79","18.82","18.99","18.69","42.38M","-0.63%"
"2023- 06- 30","18.91","19.21","19.27","18.73","120.81M","-4.49%"
"2023- 06- 29","19.80","19.73","20.08","19.62","113.98M","0.76%"
"2023- 06- 28","19.65","20.07","20.09","19.34","130.82M","-0.66%"
"2023- 06- 27","19.78","20.57","20.70","19.64","116.64M","-4.95%"
"2023- 06- 26","20.81","20.11","20.84","19.65","108.39M","3.95%"
"2023- 06- 23","20.02","20.08","20.30","19.64","125.81M","3.09%"
"2023- 06- 22","19.42","20.35","20.42","19.41","117.67M","-3.33%"
"2023- 06- 21","20.09","19.51","20.26","19.44","124.11M","2.66%"
"2023- 06- 20","19.57","19.74","20.06","19.35","110.47M","0.41%"
"2023- 06- 16","19.49","18.75","19.56","18.73","127.62M","1.88%"
"2023- 06- 15","19.13","20.03","20.13","18.86","165.37M","-3.29%"
"2023- 06- 14","19.78","20.22","20.70","19.74","164.83M","-2.18%"
"2023- 06- 13","20.22","20.21","20.77","20.07","140.33M","-2.27%"
"2023- 06- 12","20.69","21.48","21.66","20.66","102.91M","-5.03%"
"2023- 06- 09","21.78","21.76","22.06","21.19","117.92M","-1.20%"
"2023- 06- 08","22.05","22.81","22.86","21.92","105.44M","-3.46%"
"2023- 06- 07","22.84","21.68","22.96","21.31","140.85M","5.16%"
"2023- 06- 06","21.72","21.82","22.08","21.54","92.51M","0.09%"
"2023- 06- 05","21.70","21.77","21.89","21.22","122.51M","-0.18%"
"2023- 06- 02","21.74","21.89","22.24","21.51","117.88M","-2.16%"
"2023- 06- 01","22.22","23.07","23.29","21.95","116.41M","-3.64%"
"2023- 05- 31","23.06","22.92","23.28","22.52","128.93M","2.08%"
"2023- 05- 30","22.59","22.05","22.88","21.82","136.92M","-1.40%"
"2023- 05- 26","22.91","24.58","24.60","22.72","164.32M","-7.62%"
"2023- 05- 25","24.80","24.92","25.53","24.48","147.99M","-7.01%"
"2023- 05- 24","26.67","26.75","27.19","26.39","124.39M","1.52%"
"2023- 05- 23","26.27","25.70","26.36","25.45","110.55M","3.83%"
"2023- 05- 22","25.30","25.61","25.62","25.06","78.86M","-1.02%"
"2023- 05- 19","25.56","25.33","25.79","25.16","115.82M","0.71%"
"2023- 05- 18","25.38","26.75","26.76","25.31","143.65M","-5.33%"
"2023- 05- 17","26.81","27.56","27.86","26.66","111.51M","-3.60%"
"2023- 05- 16","27.81","28.11","28.11","27.37","98.90M","-0.32%"
"2023- 05- 15","27.90","28.23","28.64","27.84","86.75M","-1.55%"
"2023- 05- 12","28.34","27.91","28.89","27.80","100.91M","1.07%"
"2023- 05- 11","28.04","28.16","28.57","27.88","108.74M","-0.81%"
"2023- 05- 10","28.27","28.54","29.22","28.02","137.47M","-3.18%"
"2023- 05- 09","29.20","29.11","29.29","28.87","70.26M","1.96%"
"2023- 05- 08","28.64","28.99","29.28","28.55","75.46M","-0.69%"
"2023- 05- 05","28.84","30.14","30.25","28.60","111.82M","-6.30%"
"2023- 05- 04","30.78","30.53","31.09","30.19","136.49M","1.18%"
"2023- 05- 03","30.42","29.74","30.45","28.98","148.91M","2.05%"
"2023- 05- 02","29.81","29.09","30.30","29.00","136.17M","2.62%"
"2023- 05- 01","29.05","29.08","29.35","28.68","90.20M","0.31%"
"2023- 04- 28","28.96","29.62","29.94","28.92","137.35M","-2.03%"
"2023- 04- 27","29.56","30.98","31.19","29.38","137.66M","-8.06%"
"2023- 04- 26","32.15","31.62","32.29","31.15","129.93M","-1.65%"
"2023- 04- 25","32.69","31.43","32.73","31.24","128.34M","5.69%"
"2023- 04- 24","30.93","30.81","31.58","30.41","108.89M","0.65%"
"2023- 04- 21","30.73","30.94","31.47","30.50","115.60M","-0.26%"
"2023- 04- 20","30.81","30.97","31.18","29.96","140.73M","2.46%"
"2023- 04- 19","30.07","30.73","30.76","29.77","101.93M","0.17%"
"2023- 04- 18","30.02","29.42","30.37","29.30","90.41M","-0.03%"
"2023- 04- 17","30.03","30.21","30.79","29.91","96.11M","-0.13%"
"2023- 04- 14","30.07","30.35","30.91","29.58","141.60M","0.57%"
"2023- 04- 13","29.90","31.22","31.27","29.75","122.29M","-5.65%"
"2023- 04- 12","31.69","30.32","31.86","30.14","144.55M","2.62%"
"2023- 04- 11","30.88","30.31","31.03","30.29","87.47M","1.95%"
"2023- 04- 10","30.29","31.09","31.60","30.27","87.14M","0.26%"
"2023- 04- 06","30.21","31.34","31.75","30.08","115.60M","-2.04%"
"2023- 04- 05","30.84","30.22","31.35","30.17","117.76M","3.25%"
"2023- 04- 04","29.87","29.47","30.24","29.18","111.61M","1.05%"
"2023- 04- 03","29.56","29.95","30.33","29.50","110.23M","0.68%"
"2023- 03- 31","29.36","30.83","30.91","29.29","138.52M","-4.92%"
"2023- 03- 30","30.88","31.02","31.41","30.68","114.19M","-2.77%"
"2023- 03- 29","31.76","32.34","32.62","31.54","119.34M","-5.34%"
"2023- 03- 28","33.55","33.22","34.32","33.22","109.22M","1.64%"
"2023- 03- 27","33.01","32.13","33.29","31.79","108.86M","2.07%"
"2023- 03- 24","32.34","32.85","33.59","32.31","148.69M","-1.07%"
"2023- 03- 23","32.69","32.63","33.60","31.22","188.56M","-3.46%"
"2023- 03- 22","33.86","32.56","33.90","30.98","172.30M","3.42%"
"2023- 03- 21","32.74","33.52","34.04","32.56","104.28M","-4.18%"
"2023- 03- 20","34.17","34.75","35.51","34.06","115.58M","-0.93%"
"2023- 03- 17","34.49","34.05","35.18","33.24","165.13M","1.38%"
"2023- 03- 16","34.02","37.32","37.57","33.88","174.80M","-7.88%"
"2023- 03- 15","36.93","38.47","39.03","36.76","217.76M","-1.41%"
"2023- 03- 14","37.46","38.72","39.08","37.22","173.83M","-6.79%"
"2023- 03- 13","40.19","41.90","42.57","38.60","250.83M","-2.17%"
"2023- 03- 10","41.08","39.37","41.54","38.75","271.06M","4.13%"
"2023- 03- 09","39.45","37.26","39.72","36.28","161.02M","5.45%"
"2023- 03- 08","37.41","37.82","38.54","37.18","132.61M","-1.45%"
"2023- 03- 07","37.96","36.61","38.20","36.26","158.29M","3.72%"
"2023- 03- 06","36.60","36.27","36.68","35.15","116.89M","-0.35%"
"2023- 03- 03","36.73","38.43","38.64","36.62","108.88M","-6.13%"
"2023- 03- 02","39.13","41.18","41.29","38.78","125.24M","-2.35%"
"2023- 03- 01","40.07","39.25","40.48","38.98","134.36M","2.40%"
"2023- 02- 28","39.13","39.22","39.35","38.10","109.09M","0.51%"
"2023- 02- 27","38.93","38.46","39.18","37.89","111.31M","-2.16%"
"2023- 02- 24","39.79","39.81","40.46","39.40","155.50M","5.13%"
"2023- 02- 23","37.85","37.40","39.55","37.33","134.64M","-2.55%"
"2023- 02- 22","38.84","38.67","39.50","37.99","139.00M","-0.08%"
"2023- 02- 21","38.87","37.72","38.95","37.20","124.42M","7.11%"
"2023- 02- 17","36.29","36.33","37.38","36.03","150.17M","2.23%"
"2023- 02- 16","35.50","35.19","35.58","33.85","156.85M","5.72%"
"2023- 02- 15","33.58","35.01","35.24","33.54","120.57M","-2.27%"
"2023- 02- 14","34.36","35.71","36.39","34.02","205.01M","-2.11%"
"2023- 02- 13","35.10","36.36","36.82","34.90","107.51M","-4.80%"
"2023- 02- 10","36.87","36.97","37.76","36.21","159.42M","2.05%"
"2023- 02- 09","36.13","33.67","36.67","33.60","153.19M","2.76%"
"2023- 02- 08","35.16","33.83","35.40","33.51","143.67M","5.33%"
"2023- 02- 07","33.38","35.64","36.04","32.98","193.10M","-6.18%"
"2023- 02- 06","35.58","35.60","36.04","34.79","127.53M","2.62%"
"2023- 02- 03","34.67","35.07","35.20","32.72","212.51M","5.03%"
"2023- 02- 02","33.01","34.45","34.75","32.20","207.96M","-10.40%"
"2023- 02- 01","36.84","39.45","40.28","35.83","189.58M","-6.40%"
"2023- 01- 31","39.36","41.17","41.23","39.30","97.49M","-4.47%"
"2023- 01- 30","41.20","40.15","41.32","39.57","120.18M","6.05%"
"2023- 01- 27","38.85","40.57","40.61","38.00","126.20M","-2.85%"
"2023- 01- 26","39.99","40.91","42.13","39.92","120.61M","-5.73%"
"2023- 01- 25","42.42","44.16","45.29","42.15","136.04M","0.69%"
"2023- 01- 24","42.13","42.60","42.82","41.61","91.67M","0.69%"
"2023- 01- 23","41.84","44.44","44.79","41.26","119.84M","-6.59%"
"2023- 01- 20","44.79","47.96","48.53","44.67","108.54M","-8.25%"
"2023- 01- 19","48.82","48.26","49.45","47.67","111.23M","3.13%"
"2023- 01- 18","47.34","44.80","47.46","44.05","119.89M","3.77%"
"2023- 01- 17","45.62","45.96","46.52","44.92","82.37M","-0.41%"
"2023- 01- 13","45.81","48.05","48.24","45.69","99.36M","-1.99%"
"2023- 01- 12","46.74","47.27","49.49","46.22","160.05M","-1.52%"
"2023- 01- 11","47.46","49.44","49.88","47.40","85.08M","-5.14%"
"2023- 01- 10","50.03","51.93","52.22","49.97","96.20M","-2.44%"
"2023- 01- 09","51.28","51.14","51.67","48.53","102.74M","-2.14%"
"2023- 01- 06","52.40","55.92","57.84","51.53","127.99M","-7.96%"
"2023- 01- 05","56.93","55.49","57.19","55.38","101.33M","4.63%"
"2023- 01- 04","54.41","53.84","56.39","53.31","117.00M","-1.34%"
"2023- 01- 03","55.15","52.59","56.57","51.68","85.13M","2.11%"
"2022- 12- 30","54.01","55.66","56.46","53.96","85.88M","0.28%"
"2022- 12- 29","53.86","56.24","56.74","53.27","81.95M","-7.25%"
"2022- 12- 28","58.07","56.15","58.29","54.65","104.59M","4.05%"
"2022- 12- 27","55.81","53.94","56.17","53.86","90.88M","4.32%"
"2022- 12- 23","53.50","54.74","55.88","53.14","109.20M","-0.47%"
"2022- 12- 22","53.75","51.92","56.26","51.83","114.22M","6.86%"
"2022- 12- 21","50.30","51.93","52.45","49.50","93.24M","-4.25%"
"2022- 12- 20","52.53","53.12","54.04","51.50","96.80M","0.42%"
"2022- 12- 19","52.31","50.16","53.09","50.08","100.32M","4.12%"
"2022- 12- 16","50.24","49.21","51.12","48.38","118.18M","2.99%"
"2022- 12- 15","48.78","46.31","49.40","45.98","132.33M","9.79%"
"2022- 12- 14","44.43","43.60","45.81","42.10","157.13M","2.51%"
"2022- 12- 13","43.34","39.56","44.64","39.48","178.94M","-3.19%"
"2022- 12- 12","44.77","46.41","46.95","44.73","88.17M","-3.70%"
"2022- 12- 09","46.49","46.12","46.73","44.76","123.63M","1.95%"
"2022- 12- 08","45.60","46.57","47.65","45.10","110.68M","-3.47%"
"2022- 12- 07","47.24","47.27","48.09","46.20","131.35M","1.42%"
"2022- 12- 06","46.58","43.98","47.29","43.90","107.41M","6.23%"
"2022- 12- 05","43.85","42.69","44.52","42.14","95.13M","4.93%"
"2022- 12- 02","41.79","43.43","43.53","41.37","120.90M","1.31%"
"2022- 12- 01","41.25","41.26","42.44","40.47","93.32M","-0.31%"
"2022- 11- 30","41.38","47.79","48.23","41.32","150.80M","-13.65%"
"2022- 11- 29","47.92","46.72","48.60","46.52","93.85M","2.33%"
"2022- 11- 28","46.83","45.81","47.26","44.82","85.17M","4.46%"
"2022- 11- 25","44.83","44.69","45.05","44.37","37.30M","2.03%"
"2022- 11- 23","43.94","45.27","45.37","43.62","99.92M","-3.05%"
"2022- 11- 22","45.32","46.91","48.00","45.16","80.03M","-4.06%"
"2022- 11- 21","47.24","46.55","47.67","45.95","98.06M","3.08%"
"2022- 11- 18","45.83","44.35","47.03","44.30","111.23M","0.09%"
"2022- 11- 17","45.79","47.67","47.75","45.09","132.85M","0.75%"
"2022- 11- 16","45.45","44.57","45.85","44.42","129.95M","4.08%"
"2022- 11- 15","43.67","42.28","45.29","41.79","186.51M","-4.06%"
"2022- 11- 14","45.52","45.34","46.00","43.78","126.85M","2.59%"
"2022- 11- 11","44.37","47.06","47.74","44.02","139.91M","-5.76%"
"2022- 11- 10","47.08","51.63","53.11","46.80","181.32M","-22.01%"
"2022- 11- 09","60.37","57.59","60.54","57.07","123.05M","7.04%"
"2022- 11- 08","56.40","56.62","58.98","54.21","124.57M","-2.19%"
"2022- 11- 07","57.66","58.84","60.33","57.22","97.90M","-3.17%"
"2022- 11- 04","59.55","58.86","63.57","57.51","173.15M","-4.64%"
"2022- 11- 03","62.45","60.85","62.81","59.86","139.44M","5.78%"
"2022- 11- 02","59.04","53.54","59.06","51.70","192.64M","10.38%"
"2022- 11- 01","53.49","49.94","53.71","49.60","118.82M","3.06%"
"2022- 10- 31","51.90","51.38","52.94","50.94","115.47M","3.43%"
"2022- 10- 28","50.18","55.63","55.69","49.85","147.36M","-9.09%"
"2022- 10- 27","55.20","52.99","55.50","52.15","136.96M","5.50%"
"2022- 10- 26","52.32","52.05","52.56","49.18","162.62M","6.54%"
"2022- 10- 25","49.11","51.74","51.74","48.84","120.88M","-5.99%"
"2022- 10- 24","52.24","53.91","56.08","51.70","146.10M","-3.40%"
"2022- 10- 21","54.08","58.86","59.63","53.72","166.36M","-7.06%"
"2022- 10- 20","58.19","57.84","58.87","54.50","146.16M","1.80%"
"2022- 10- 19","57.16","57.55","58.71","55.21","144.63M","1.01%"
"2022- 10- 18","56.59","53.31","58.33","52.87","165.18M","-2.43%"
"2022- 10- 17","58.00","59.79","59.84","57.30","140.39M","-9.91%"
"2022- 10- 14","64.38","57.47","64.74","57.05","169.77M","8.92%"
"2022- 10- 13","59.11","68.88","69.55","57.99","225.67M","-6.69%"
"2022- 10- 12","63.35","62.89","63.94","61.47","128.61M","0.24%"
"2022- 10- 11","63.20","61.99","64.50","59.99","157.35M","3.73%"
"2022- 10- 10","60.93","58.90","62.63","58.66","141.76M","3.15%"
"2022- 10- 07","59.07","55.69","59.82","55.61","155.36M","11.52%"
"2022- 10- 06","52.97","52.28","53.15","50.54","134.21M","2.64%"
"2022- 10- 05","51.61","53.72","55.23","50.68","138.42M","-0.10%"
"2022- 10- 04","51.66","53.53","53.55","51.16","137.96M","-9.32%"
"2022- 10- 03","56.97","60.00","61.09","55.84","126.31M","-7.09%"
"2022- 09- 30","61.32","58.83","61.35","56.16","159.12M","5.45%"
"2022- 09- 29","58.15","55.96","60.02","55.74","161.04M","8.33%"
"2022- 09- 28","53.68","56.97","57.94","52.77","135.37M","-5.71%"
"2022- 09- 27","56.93","54.84","58.44","53.36","150.33M","-0.07%"
"2022- 09- 26","56.97","56.63","57.50","53.86","163.16M","1.26%"
"2022- 09- 23","56.26","55.13","58.31","54.96","173.78M","4.81%"
"2022- 09- 22","53.68","52.63","54.35","52.04","151.91M","3.67%"
"2022- 09- 21","51.78","48.63","51.79","46.41","180.71M","5.50%"
"2022- 09- 20","49.08","49.17","50.23","47.92","119.15M","2.42%"
"2022- 09- 19","47.92","50.41","50.46","47.83","121.25M","-2.44%"
"2022- 09- 16","49.12","49.87","50.89","48.84","176.98M","2.04%"
"2022- 09- 15","48.14","46.78","48.90","45.62","166.26M","5.02%"
"2022- 09- 14","45.84","46.39","47.25","45.39","145.59M","-2.39%"
"2022- 09- 13","46.96","43.81","47.31","43.32","180.72M","16.50%"
"2022- 09- 12","40.31","41.21","41.35","40.17","119.59M","-3.66%"
"2022- 09- 09","41.84","43.71","43.71","41.57","135.95M","-6.38%"
"2022- 09- 08","44.69","46.38","47.00","44.10","151.81M","-1.61%"
"2022- 09- 07","45.42","48.11","48.21","44.89","122.12M","-5.94%"
"2022- 09- 06","48.29","47.08","49.38","46.61","147.17M","2.24%"
"2022- 09- 02","47.23","44.01","48.04","43.38","177.68M","4.21%"
"2022- 09- 01","45.32","46.58","48.28","45.16","166.97M","-0.15%"
"2022- 08- 31","45.39","43.24","45.42","42.85","135.66M","1.93%"
"2022- 08- 30","44.53","42.42","45.69","42.16","155.96M","3.27%"
"2022- 08- 29","43.12","43.08","43.59","42.00","133.07M","3.01%"
"2022- 08- 26","41.86","37.39","41.91","36.96","166.38M","12.23%"
"2022- 08- 25","37.30","38.68","39.09","37.28","86.61M","-5.19%"
"2022- 08- 24","39.34","39.87","40.10","38.63","80.40M","-0.86%"
"2022- 08- 23","39.68","39.69","39.98","38.58","103.89M","0.35%"
"2022- 08- 22","39.54","38.19","39.86","38.09","105.49M","7.86%"
"2022- 08- 19","36.66","35.63","36.92","35.42","107.34M","5.83%"
"2022- 08- 18","34.64","34.91","35.43","34.24","90.23M","-0.69%"
"2022- 08- 17","34.88","34.68","35.51","33.96","127.27M","3.53%"
"2022- 08- 16","33.69","33.77","34.65","33.05","108.93M","0.72%"
"2022- 08- 15","33.45","34.60","34.62","33.30","88.93M","-2.45%"
"2022- 08- 12","34.29","35.71","36.15","34.23","90.52M","-5.64%"
"2022- 08- 11","36.34","35.02","36.66","34.34","123.48M","1.42%"
"2022- 08- 10","35.83","36.29","37.22","35.68","108.96M","-8.18%"
"2022- 08- 09","39.02","38.46","39.64","38.35","110.90M","3.36%"
"2022- 08- 08","37.75","37.05","38.28","35.76","121.46M","0.99%"
"2022- 08- 05","37.38","38.27","38.53","36.69","136.67M","2.41%"
"2022- 08- 04","36.50","36.99","37.74","36.38","118.87M","-1.51%"
"2022- 08- 03","37.06","39.60","39.64","36.66","124.33M","-7.99%"
"2022- 08- 02","40.28","40.81","41.21","38.66","144.00M","0.98%"
"2022- 08- 01","39.89","40.52","40.94","38.56","125.39M","0.15%"
"2022- 07- 29","39.83","41.47","42.07","39.45","118.32M","-5.46%"
"2022- 07- 28","42.13","43.48","45.10","41.87","112.57M","-3.08%"
"2022- 07- 27","43.47","47.29","47.60","42.47","129.09M","-12.39%"
"2022- 07- 26","49.62","47.72","50.05","47.60","91.59M","5.96%"
"2022- 07- 25","46.83","46.10","47.84","45.87","94.54M","1.63%"
"2022- 07- 22","46.08","44.20","46.90","43.29","121.41M","5.21%"
"2022- 07- 21","43.80","45.55","46.77","43.78","119.48M","-4.28%"
"2022- 07- 20","45.76","47.82","48.19","45.15","119.16M","-4.96%"
"2022- 07- 19","48.15","50.86","51.77","47.86","101.23M","-8.96%"
"2022- 07- 18","52.89","50.08","53.51","49.32","110.21M","2.42%"
"2022- 07- 15","51.64","52.76","53.76","51.53","99.41M","-5.30%"
"2022- 07- 14","54.53","56.69","58.51","54.03","114.67M","-1.07%"
"2022- 07- 13","55.12","58.05","58.36","53.73","137.10M","0.62%"
"2022- 07- 12","54.78","52.56","55.68","51.45","103.22M","2.89%"
"2022- 07- 11","53.24","51.31","53.69","51.16","88.96M","6.39%"
"2022- 07- 08","50.04","51.71","52.19","49.31","101.79M","-0.48%"
"2022- 07- 07","50.28","53.14","53.14","49.81","79.04M","-6.28%"
"2022- 07- 06","53.65","54.46","55.45","52.40","91.86M","-1.85%"
"2022- 07- 05","54.66","59.98","60.94","54.62","112.29M","-5.14%"
"2022- 07- 01","57.62","59.62","60.84","57.37","105.19M","-2.07%"
"2022- 06- 30","58.84","58.48","61.47","56.62","140.93M","3.87%"
"2022- 06- 29","56.65","56.92","58.43","55.71","111.88M","-0.21%"
"2022- 06- 28","56.77","51.78","56.91","50.34","117.83M","9.17%"
"2022- 06- 27","52.00","50.18","52.64","49.91","84.31M","1.94%"
"2022- 06- 24","51.01","55.07","55.19","51.00","86.70M","-10.27%"
"2022- 06- 23","56.85","57.80","59.64","56.22","100.78M","-4.28%"
"2022- 06- 22","59.39","60.79","61.14","56.56","101.49M","0.35%"
"2022- 06- 21","59.18","60.76","60.83","57.50","81.90M","-7.47%"
"2022- 06- 17","63.96","65.78","67.04","62.09","122.88M","-3.22%"
"2022- 06- 16","66.09","63.75","67.69","63.43","130.11M","11.70%"
"2022- 06- 15","59.17","61.52","63.48","56.38","142.02M","-7.30%"
"2022- 06- 14","63.83","62.67","65.76","62.03","120.58M","-0.59%"
"2022- 06- 13","64.21","61.81","64.84","60.26","155.73M","13.61%"
"2022- 06- 10","56.52","53.97","56.68","53.36","138.83M","10.76%"
"2022- 06- 09","51.03","48.04","51.11","46.60","111.88M","8.11%"
"2022- 06- 08","47.20","46.61","47.62","45.38","76.08M","2.05%"
"2022- 06- 07","46.25","49.06","49.57","45.87","96.09M","-2.53%"
"2022- 06- 06","47.45","45.81","48.22","45.05","99.61M","-1.06%"
"2022- 06- 03","47.96","46.75","48.50","46.13","124.86M","7.78%"
"2022- 06- 02","44.50","49.01","49.70","44.40","110.79M","-8.25%"
"2022- 06- 01","48.50","46.39","49.50","45.39","125.29M","2.52%"
"2022- 05- 31","47.31","47.01","49.21","46.02","122.78M","0.64%"
"2022- 05- 27","47.01","50.47","50.52","46.97","97.90M","-9.87%"
"2022- 05- 26","52.16","57.33","57.52","51.22","99.08M","-8.33%"
"2022- 05- 25","56.90","60.32","60.46","55.55","109.38M","-4.11%"
"2022- 05- 24","59.34","58.88","62.23","58.46","138.48M","6.33%"
"2022- 05- 23","55.81","58.10","59.59","55.60","110.90M","-4.97%"
"2022- 05- 20","58.73","56.03","63.86","55.64","171.72M","0.81%"
"2022- 05- 19","58.26","58.41","59.40","55.34","160.10M","1.84%"
"2022- 05- 18","57.21","52.20","57.92","51.84","130.39M","14.53%"
"2022- 05- 17","49.95","50.87","52.99","49.73","119.60M","-7.59%"
"2022- 05- 16","54.05","53.25","54.80","52.17","110.10M","3.07%"
"2022- 05- 13","52.44","56.11","57.11","51.68","126.44M","-10.76%"
"2022- 05- 12","58.76","61.11","62.61","56.09","175.69M","0.56%"
"2022- 05- 11","58.43","54.92","58.92","51.91","174.54M","8.91%"
"2022- 05- 10","53.65","51.56","56.02","50.88","188.95M","-3.52%"
"2022- 05- 09","55.61","52.67","56.39","51.45","165.12M","11.64%"
"2022- 05- 06","49.81","49.10","51.79","47.17","200.65M","3.88%"
"2022- 05- 05","47.95","43.53","49.41","43.48","175.24M","14.74%"
"2022- 05- 04","41.79","46.33","48.71","41.53","164.51M","-10.19%"
"2022- 05- 03","46.53","46.70","47.79","45.52","119.15M","-0.24%"
"2022- 05- 02","46.64","49.36","50.87","46.60","160.72M","-4.87%"
"2022- 04- 29","49.03","45.04","49.41","43.62","125.39M","13.10%"
"2022- 04- 28","43.35","46.12","48.11","42.44","143.09M","-10.54%"
"2022- 04- 27","48.46","48.26","49.28","45.66","145.75M","0.54%"
"2022- 04- 26","48.20","44.22","48.41","44.15","126.93M","11.11%"
"2022- 04- 25","43.38","45.84","46.37","43.26","135.53M","-3.90%"
"2022- 04- 22","45.14","41.79","45.30","41.32","123.52M","7.99%"
"2022- 04- 21","41.80","38.02","42.18","37.10","115.77M","5.98%"
"2022- 04- 20","39.44","37.45","39.81","37.32","89.42M","4.42%"
"2022- 04- 19","37.77","40.69","41.06","37.54","74.70M","-6.46%"
"2022- 04- 18","40.38","40.93","41.50","39.60","87.72M","-0.39%"
"2022- 04- 14","40.54","37.91","40.62","37.72","81.35M","6.80%"
"2022- 04- 13","37.96","40.29","40.55","37.56","79.28M","-6.02%"
"2022- 04- 12","40.39","38.17","40.91","37.51","110.35M","1.38%"
"2022- 04- 11","39.84","38.65","40.00","38.34","84.37M","7.10%"
"2022- 04- 08","37.20","36.29","37.44","36.06","86.24M","4.09%"
"2022- 04- 07","35.74","36.31","37.41","35.06","102.51M","-0.67%"
"2022- 04- 06","35.98","35.34","36.77","35.02","122.48M","6.54%"
"2022- 04- 05","33.77","32.07","34.10","31.89","80.04M","6.50%"
"2022- 04- 04","31.71","33.54","33.62","31.70","57.95M","-6.13%"
"2022- 04- 01","33.78","33.51","34.70","33.28","90.23M","0.33%"
"2022- 03- 31","33.67","32.35","33.81","32.25","85.44M","4.18%"
"2022- 03- 30","32.32","31.83","32.78","31.40","87.47M","3.03%"
"2022- 03- 29","31.37","31.98","32.73","31.17","88.27M","-5.11%"
"2022- 03- 28","33.06","34.67","35.04","33.02","79.93M","-4.59%"
"2022- 03- 25","34.65","34.62","35.94","34.29","96.61M","0.17%"
"2022- 03- 24","34.59","36.42","37.12","34.57","82.55M","-6.59%"
"2022- 03- 23","37.03","36.40","37.05","35.30","100.27M","4.22%"
"2022- 03- 22","35.53","37.57","37.70","35.22","85.81M","-5.86%"
"2022- 03- 21","37.74","37.71","39.18","36.98","103.68M","0.67%"
"2022- 03- 18","37.49","40.49","40.90","37.33","99.29M","-6.09%"
"2022- 03- 17","39.92","42.11","42.59","39.90","73.44M","-3.53%"
"2022- 03- 16","41.38","44.90","46.46","41.35","114.10M","-11.28%"
"2022- 03- 15","46.64","50.13","50.91","46.20","90.19M","-9.24%"
"2022- 03- 14","51.39","49.22","51.74","47.64","82.61M","5.87%"
"2022- 03- 11","48.54","44.54","48.83","44.39","74.23M","6.05%"
"2022- 03- 10","45.77","45.97","47.60","45.29","80.07M","3.18%"
"2022- 03- 09","44.36","45.80","47.03","43.68","88.42M","-10.69%"
"2022- 03- 08","49.67","49.36","51.22","45.20","132.52M","1.35%"
"2022- 03- 07","49.01","44.11","49.08","43.66","101.09M","11.11%"
"2022- 03- 04","44.11","43.18","45.00","42.64","96.60M","4.35%"
"2022- 03- 03","42.27","39.59","42.94","39.55","89.50M","4.16%"
"2022- 03- 02","40.58","42.12","43.17","40.06","81.97M","-4.85%"
"2022- 03- 01","42.65","41.19","43.58","40.38","113.06M","4.71%"
"2022- 02- 28","40.73","42.35","42.78","40.20","112.72M","-1.07%"
"2022- 02- 25","41.17","42.90","44.40","41.13","85.35M","-4.96%"
"2022- 02- 24","43.32","52.70","52.87","42.99","148.35M","-9.77%"
"2022- 02- 23","48.01","43.37","48.19","43.02","105.12M","7.65%"
"2022- 02- 22","44.60","44.49","46.07","42.37","112.82M","3.03%"
"2022- 02- 18","43.29","41.55","44.20","41.41","117.89M","3.34%"
"2022- 02- 17","41.89","39.55","42.04","39.31","78.15M","8.86%"
"2022- 02- 16","38.48","39.15","40.20","38.13","80.27M","0.08%"
"2022- 02- 15","38.45","39.60","39.99","38.36","81.90M","-7.39%"
"2022- 02- 14","41.52","41.92","42.83","40.28","110.24M","-0.24%"
"2022- 02- 11","41.62","38.06","42.08","37.53","117.99M","9.44%"
"2022- 02- 10","38.03","37.75","38.61","35.72","122.31M","6.65%"
"2022- 02- 09","35.66","36.60","37.12","35.63","63.97M","-6.36%"
"2022- 02- 08","38.08","39.81","40.18","37.70","68.67M","-3.25%"
"2022- 02- 07","39.36","38.26","39.82","37.49","55.22M","2.10%"
"2022- 02- 04","38.55","39.83","40.55","37.33","78.29M","-3.53%"
"2022- 02- 03","39.96","38.56","40.34","37.60","77.37M","11.90%"
"2022- 02- 02","35.71","35.30","36.96","35.22","77.87M","-2.38%"
"2022- 02- 01","36.58","36.92","38.55","36.37","57.52M","-2.14%"
"2022- 01- 31","37.38","40.82","41.42","37.15","66.24M","-9.54%"
"2022- 01- 28","41.32","44.85","46.90","41.25","80.40M","-9.39%"
"2022- 01- 27","45.60","42.45","46.03","41.75","81.04M","3.28%"
"2022- 01- 26","44.15","41.09","45.76","39.57","103.45M","0.16%"
"2022- 01- 25","44.08","43.56","45.30","42.04","93.10M","6.81%"
"2022- 01- 24","41.27","43.90","48.08","41.00","125.71M","-1.24%"
"2022- 01- 21","41.79","39.33","41.91","38.45","92.22M","8.24%"
"2022- 01- 20","38.61","36.16","38.78","34.91","62.27M","3.93%"
"2022- 01- 19","37.15","35.51","37.24","34.76","53.57M","3.48%"
"2022- 01- 18","35.90","35.06","36.19","34.49","57.53M","7.16%"
"2022- 01- 14","33.50","34.86","34.89","33.40","63.26M","-1.64%"
"2022- 01- 13","34.06","31.42","34.38","31.24","61.58M","7.44%"
"2022- 01- 12","31.70","31.50","32.35","31.05","46.80M","-1.40%"
"2022- 01- 11","32.15","33.90","34.45","32.10","49.53M","-4.17%"
"2022- 01- 10","33.55","35.05","36.55","33.50","54.39M","-0.45%"
"2022- 01- 07","33.70","32.70","34.20","32.20","45.46M","3.06%"
"2022- 01- 06","32.70","33.10","33.65","31.80","42.44M","0.15%"
"2022- 01- 05","32.65","30.20","32.65","29.96","47.12M","9.38%"
"2022- 01- 04","29.85","28.60","30.55","28.60","37.78M","4.01%"
"2022- 01- 03","28.70","29.35","29.80","28.70","26.54M","-3.37%"
"2021- 12- 31","29.70","29.20","29.70","28.90","18.66M","2.24%"
"2021- 12- 30","29.05","28.85","29.20","28.35","15.24M","0.87%"
"2021- 12- 29","28.80","28.70","29.35","28.45","25.20M","0.17%"
"2021- 12- 28","28.75","28.25","29.00","28.15","25.02M","1.05%"
"2021- 12- 27","28.45","29.60","29.60","28.40","20.35M","-4.85%"
"2021- 12- 23","29.90","30.50","30.55","29.50","23.99M","-2.29%"
"2021- 12- 22","30.60","31.80","32.00","30.50","26.15M","-3.47%"
"2021- 12- 21","31.70","33.10","34.15","31.65","32.03M","-6.76%"
"2021- 12- 20","34.00","34.35","34.85","33.80","38.09M","3.03%"
"2021- 12- 17","33.00","33.50","33.85","31.95","41.22M","1.54%"
"2021- 12- 16","32.50","30.00","32.95","29.90","45.65M","7.26%"
"2021- 12- 15","30.30","32.55","33.55","30.15","48.26M","-6.63%"
"2021- 12- 14","32.45","32.65","33.55","32.00","36.64M","3.02%"
"2021- 12- 13","31.50","30.15","31.60","30.13","32.23M","4.48%"
"2021- 12- 10","30.15","30.50","31.30","30.10","38.79M","-3.21%"
"2021- 12- 09","31.15","30.20","31.25","29.75","39.50M","4.18%"
"2021- 12- 08","29.90","30.20","30.70","29.85","33.61M","-1.16%"
"2021- 12- 07","30.25","31.55","31.60","30.15","39.29M","-9.16%"
"2021- 12- 06","33.30","34.05","35.15","32.95","35.10M","-2.35%"
"2021- 12- 03","34.10","32.10","35.20","31.85","51.27M","5.08%"
"2021- 12- 02","32.45","33.55","33.90","31.95","49.50M","-2.41%"
"2021- 12- 01","33.25","30.50","33.30","29.95","41.60M","5.39%"
"2021- 11- 30","31.55","30.45","32.05","29.90","38.59M","4.30%"
"2021- 11- 29","30.25","31.15","31.40","29.95","29.24M","-6.35%"
"2021- 11- 26","32.30","31.25","32.70","30.90","29.25M","5.56%"
"2021- 11- 24","30.60","31.50","32.10","30.55","28.82M","-1.13%"
"2021- 11- 23","30.95","30.80","32.00","30.30","41.17M","1.31%"
"2021- 11- 22","30.55","29.15","30.55","28.45","31.61M","3.74%"
"2021- 11- 19","29.45","29.60","29.80","29.20","24.61M","-1.67%"
"2021- 11- 18","29.95","30.45","31.00","29.85","28.47M","-3.23%"
"2021- 11- 17","30.95","30.94","31.20","30.45","18.89M","0.00%"
"2021- 11- 16","30.95","31.85","31.90","30.85","18.74M","-2.21%"
"2021- 11- 15","31.65","31.40","32.30","31.25","25.39M","0.16%"
"2021- 11- 12","31.60","32.36","32.80","31.50","23.09M","-3.22%"
"2021- 11- 11","32.65","32.20","32.80","32.10","19.15M","-1.06%"
"2021- 11- 10","33.00","32.25","33.45","31.55","40.70M","4.60%"
"2021- 11- 09","31.55","30.70","31.90","30.60","32.20M","1.94%"
"2021- 11- 08","30.95","30.85","31.10","30.55","20.15M","0.32%"
"2021- 11- 05","30.85","30.45","31.15","30.25","29.73M","-0.32%"
"2021- 11- 04","30.95","31.80","31.95","30.65","29.74M","-3.58%"
"2021- 11- 03","32.10","33.05","33.35","32.00","24.11M","-3.17%"
"2021- 11- 02","33.15","33.75","33.80","33.05","15.72M","-1.49%"
"2021- 11- 01","33.65","33.85","34.44","33.60","18.45M","-0.88%"
"2021- 10- 29","33.95","35.35","35.45","33.90","20.45M","-1.59%"
"2021- 10- 28","34.50","35.15","35.35","34.40","19.75M","-3.23%"
"2021- 10- 27","35.65","35.80","35.90","34.75","22.68M","-0.83%"
"2021- 10- 26","35.95","35.60","36.28","34.90","26.14M","-0.83%"
"2021- 10- 25","36.25","37.00","37.59","35.95","16.55M","-3.07%"
"2021- 10- 22","37.40","36.90","37.95","36.55","18.61M","2.47%"
"2021- 10- 21","36.50","37.40","37.55","36.45","13.35M","-1.75%"
"2021- 10- 20","37.15","36.90","37.65","36.70","14.84M","0.13%"
"2021- 10- 19","37.10","37.55","37.80","37.00","14.07M","-1.98%"
"2021- 10- 18","37.85","39.50","39.70","37.85","14.89M","-3.07%"
"2021- 10- 15","39.05","39.40","39.80","39.05","12.50M","-1.88%"
"2021- 10- 14","39.80","40.85","41.10","39.75","18.14M","-5.58%"
"2021- 10- 13","42.15","42.35","43.10","41.90","17.90M","-2.32%"
"2021- 10- 12","43.15","42.25","43.45","42.05","21.19M","0.94%"
"2021- 10- 11","42.75","42.35","42.80","41.10","20.88M","2.15%"
"2021- 10- 08","41.85","40.80","42.00","40.70","17.89M","1.70%"
"2021- 10- 07","41.15","41.20","41.42","40.25","20.80M","-2.83%"
"2021- 10- 06","42.35","44.40","44.75","42.25","29.17M","-1.85%"
"2021- 10- 05","43.15","44.60","44.70","42.30","23.43M","-4.11%"
"2021- 10- 04","45.00","42.95","45.85","42.80","27.33M","6.26%"
"2021- 10- 01","42.35","42.92","44.45","41.95","22.82M","-1.85%"
"2021- 09- 30","43.15","42.15","43.30","41.50","27.57M","1.05%"
"2021- 09- 29","42.70","42.00","42.95","41.25","24.71M","0.59%"
"2021- 09- 28","42.45","40.70","42.65","40.44","32.07M","8.43%"
"2021- 09- 27","39.15","39.25","39.95","38.90","16.29M","2.49%"
"2021- 09- 24","38.20","39.10","39.20","38.10","14.51M","-0.39%"
"2021- 09- 23","38.35","39.05","39.30","38.00","17.09M","-2.79%"
"2021- 09- 22","39.45","40.25","40.65","38.95","22.32M","-2.95%"
"2021- 09- 21","40.65","40.10","41.00","39.70","23.31M","-0.25%"
"2021- 09- 20","40.75","40.15","42.25","39.65","31.93M","6.12%"
"2021- 09- 17","38.40","37.20","38.70","37.20","23.24M","3.50%"
"2021- 09- 16","37.10","37.50","38.13","36.90","16.62M","0.00%"
"2021- 09- 15","37.10","37.85","38.55","37.00","17.84M","-2.37%"
"2021- 09- 14","38.00","37.20","38.30","36.95","22.41M","0.80%"
"2021- 09- 13","37.70","36.88","38.30","36.75","27.05M","0.13%"
"2021- 09- 10","37.65","36.25","37.70","36.00","19.45M","2.45%"
"2021- 09- 09","36.75","36.35","36.85","36.00","18.19M","0.96%"
"2021- 09- 08","36.40","36.09","37.05","36.05","17.51M","1.25%"
"2021- 09- 07","35.95","36.10","36.50","35.80","13.10M","-0.55%"
"2021- 09- 03","36.15","36.80","36.85","36.05","14.27M","-1.09%"
"2021- 09- 02","36.55","36.08","36.85","35.95","17.16M","0.27%"
"2021- 09- 01","36.45","36.30","36.50","35.85","15.69M","-0.41%"
"2021- 08- 31","36.60","36.49","37.10","36.45","15.61M","0.27%"
"2021- 08- 30","36.50","37.60","37.60","36.40","16.15M","-3.57%"
"2021- 08- 27","37.85","38.75","38.90","37.65","14.82M","-2.82%"
"2021- 08- 26","38.95","38.50","39.10","38.25","19.28M","1.70%"
"2021- 08- 25","38.30","38.30","38.55","38.05","12.42M","-0.13%"
"2021- 08- 24","38.35","38.50","38.70","38.15","12.10M","-0.90%"
"2021- 08- 23","38.70","40.15","40.20","38.50","18.30M","-4.44%"
"2021- 08- 20","40.50","41.50","41.60","40.40","18.04M","-3.11%"
"2021- 08- 19","41.80","43.20","43.25","41.25","26.35M","-1.65%"
"2021- 08- 18","42.50","41.50","42.60","40.95","23.28M","2.91%"
"2021- 08- 17","41.30","41.10","42.10","40.81","29.07M","2.74%"
"2021- 08- 16","40.20","40.65","41.95","40.20","18.40M","-0.12%"
"2021- 08- 13","40.25","40.60","40.75","40.15","9.18M","-0.98%"
"2021- 08- 12","40.65","41.30","41.80","40.55","11.47M","-1.09%"
"2021- 08- 11","41.10","40.50","41.60","40.30","15.65M","0.37%"
"2021- 08- 10","40.95","40.15","41.35","40.05","15.65M","1.49%"
"2021- 08- 09","40.35","40.35","40.75","40.15","13.31M","-0.37%"
"2021- 08- 06","40.50","40.40","40.90","40.10","13.46M","1.25%"
"2021- 08- 05","40.00","40.55","40.75","39.95","10.87M","-1.84%"
"2021- 08- 04","40.75","41.00","41.35","40.45","13.96M","-0.49%"
"2021- 08- 03","40.95","41.50","42.65","40.95","16.43M","-1.80%"
"2021- 08- 02","41.70","41.15","41.95","40.95","14.40M","0.00%"
"2021- 07- 30","41.70","42.45","42.50","41.55","16.01M","1.58%"
"2021- 07- 29","41.05","41.50","41.50","40.70","12.88M","-0.61%"
"2021- 07- 28","41.30","41.42","42.20","40.75","20.90M","-1.20%"
"2021- 07- 27","41.80","40.55","43.25","40.55","25.17M","3.21%"
"2021- 07- 26","40.50","40.80","41.10","40.35","11.76M","-0.25%"
"2021- 07- 23","40.60","41.55","42.00","40.45","17.17M","-3.33%"
"2021- 07- 22","42.00","42.85","42.85","42.00","12.37M","-2.10%"
"2021- 07- 21","42.90","44.08","44.15","42.90","11.38M","-2.39%"
"2021- 07- 20","43.95","45.10","45.85","43.35","18.49M","-3.41%"
"2021- 07- 19","45.50","45.75","46.50","45.30","26.72M","2.48%"
"2021- 07- 16","44.40","43.00","44.55","42.70","16.52M","2.42%"
"2021- 07- 15","43.35","42.50","44.10","42.45","22.52M","2.00%"
"2021- 07- 14","42.50","41.85","42.80","41.60","19.42M","-0.58%"
"2021- 07- 13","42.75","42.85","43.00","41.60","20.81M","0.00%"
"2021- 07- 12","42.75","42.65","43.30","42.55","10.47M","-1.04%"
"2021- 07- 09","43.20","44.30","44.50","43.05","12.90M","-1.93%"
"2021- 07- 08","44.05","45.10","45.60","43.70","22.05M","1.85%"
"2021- 07- 07","43.25","42.70","44.00","42.60","19.89M","-0.75%"
"2021- 07- 06","43.58","43.85","44.90","43.40","18.81M","-1.19%"
"2021- 07- 02","44.10","44.92","45.05","44.00","11.32M","-3.50%"
"2021- 07- 01","45.70","45.90","46.40","45.50","9.37M","0.00%"
"2021- 06- 30","45.70","45.60","45.95","45.45","9.05M","0.44%"
"2021- 06- 29","45.50","46.10","46.42","45.50","10.34M","-1.09%"
"2021- 06- 28","46.00","47.25","47.25","45.95","11.98M","-3.56%"
"2021- 06- 25","47.70","47.35","48.05","47.25","11.84M","0.21%"
"2021- 06- 24","47.60","47.65","47.90","46.95","14.07M","-1.86%"
"2021- 06- 23","48.50","48.55","48.85","48.00","10.44M","-0.21%"
"2021- 06- 22","48.60","50.05","50.20","48.35","14.78M","-2.80%"
"2021- 06- 21","50.00","50.85","51.85","49.80","12.22M","-1.77%"
"2021- 06- 18","50.90","50.45","51.25","49.95","16.31M","2.31%"
"2021- 06- 17","49.75","52.20","52.25","49.30","20.56M","-3.86%"
"2021- 06- 16","51.75","50.95","53.35","50.45","20.31M","1.17%"
"2021- 06- 15","51.15","50.30","51.50","50.20","11.31M","1.89%"
"2021- 06- 14","50.20","51.50","52.03","50.20","9.34M","-2.81%"
"2021- 06- 11","51.65","52.05","52.40","51.65","7.88M","-0.77%"
"2021- 06- 10","52.05","53.60","53.85","52.00","19.43M","-3.16%"
"2021- 06- 09","53.75","53.10","53.85","52.75","8.36M","-0.19%"
"2021- 06- 08","53.85","53.00","54.65","52.55","13.10M","-0.09%"
"2021- 06- 07","53.90","54.70","55.00","53.85","10.31M","-0.83%"
"2021- 06- 04","54.35","56.35","56.38","54.15","15.74M","-5.23%"
"2021- 06- 03","57.35","57.03","58.20","56.40","12.71M","3.15%"
"2021- 06- 02","55.60","55.70","56.45","55.15","10.00M","-0.54%"
"2021- 06- 01","55.90","54.70","56.60","54.40","11.84M","0.99%"
"2021- 05- 28","55.35","55.25","55.50","54.55","8.99M","-0.98%"
"2021- 05- 27","55.90","55.46","56.00","55.05","8.86M","1.18%"
"2021- 05- 26","55.25","55.53","55.88","55.00","8.80M","-0.99%"
"2021- 05- 25","55.80","55.25","56.50","54.90","11.02M","-0.45%"
"2021- 05- 24","56.05","57.80","58.00","55.45","11.47M","-5.08%"
"2021- 05- 21","59.05","57.25","59.30","57.00","12.10M","1.64%"
"2021- 05- 20","58.10","60.85","60.95","57.60","16.64M","-5.83%"
"2021- 05- 19","61.70","65.10","65.35","61.51","22.25M","-0.32%"
"2021- 05- 18","61.90","60.10","62.08","59.45","11.66M","1.98%"
"2021- 05- 17","60.70","60.60","62.30","60.17","13.80M","1.76%"
"2021- 05- 14","59.65","61.85","62.20","59.05","17.48M","-6.58%"
"2021- 05- 13","63.85","63.50","65.35","61.95","23.49M","-2.22%"
"2021- 05- 12","65.30","63.50","65.85","62.15","32.37M","7.76%"
"2021- 05- 11","60.60","63.80","64.20","60.20","25.93M","0.33%"
"2021- 05- 10","60.40","56.85","60.50","56.81","13.55M","7.57%"
"2021- 05- 07","56.15","56.05","56.75","54.90","15.16M","-2.52%"
"2021- 05- 06","57.60","59.10","60.30","57.50","16.16M","-2.21%"
"2021- 05- 05","58.90","57.20","59.35","56.75","12.40M","1.03%"
"2021- 05- 04","58.30","56.65","60.30","56.45","25.90M","5.42%"
"2021- 05- 03","55.30","53.90","55.60","53.50","9.09M","1.56%"
"2021- 04- 30","54.45","54.65","54.94","53.40","10.79M","1.97%"
"2021- 04- 29","53.40","52.40","55.05","52.20","13.36M","-1.20%"
"2021- 04- 28","54.05","53.60","54.33","53.15","9.13M","1.12%"
"2021- 04- 27","53.45","52.60","53.92","52.55","12.13M","1.33%"
"2021- 04- 26","52.75","53.70","54.10","52.65","12.42M","-2.04%"
"2021- 04- 23","53.85","55.60","55.65","53.15","12.20M","-3.75%"
"2021- 04- 22","55.95","54.20","56.55","53.70","21.62M","3.61%"
"2021- 04- 21","54.00","56.10","56.65","53.90","12.76M","-2.61%"
"2021- 04- 20","55.45","54.55","56.42","53.95","14.39M","2.12%"
"2021- 04- 19","54.30","53.60","55.20","53.00","15.98M","2.84%"
"2021- 04- 16","52.80","52.85","53.70","52.70","10.00M","-0.28%"
"2021- 04- 15","52.95","54.05","54.15","52.80","15.14M","-4.68%"
"2021- 04- 14","55.55","53.50","55.95","53.45","13.54M","3.64%"
"2021- 04- 13","53.60","54.75","54.90","53.40","11.67M","-3.60%"
"2021- 04- 12","55.60","55.85","56.55","55.35","9.69M","0.45%"
"2021- 04- 09","55.35","57.10","57.45","55.25","14.74M","-1.77%"
"2021- 04- 08","56.35","56.63","57.10","56.30","10.52M","-3.18%"
"2021- 04- 07","58.20","58.85","59.40","57.75","11.02M","-0.85%"
"2021- 04- 06","58.70","58.70","59.05","57.55","11.20M","0.26%"
"2021- 04- 05","58.55","60.75","60.90","58.05","13.87M","-5.87%"
"2021- 04- 01","62.20","63.20","63.33","62.15","14.60M","-5.18%"
"2021- 03- 31","65.60","67.60","67.80","64.55","16.13M","-4.58%"
"2021- 03- 30","68.75","69.05","70.60","68.40","13.00M","1.48%"
"2021- 03- 29","67.75","68.05","70.00","67.05","18.78M","0.15%"
"2021- 03- 26","67.65","71.06","72.05","67.50","21.70M","-4.52%"
"2021- 03- 25","70.85","71.85","73.60","69.80","27.87M","0.50%"
"2021- 03- 24","70.50","66.20","70.65","66.20","18.83M","4.99%"
"2021- 03- 23","67.15","65.60","67.65","64.70","20.29M","1.36%"
"2021- 03- 22","66.25","68.55","68.55","64.85","16.57M","-5.42%"
"2021- 03- 19","70.05","71.10","72.60","69.10","23.90M","-1.27%"
"2021- 03- 18","70.95","68.05","71.25","67.41","20.38M","9.15%"
"2021- 03- 17","65.00","67.75","68.85","63.80","23.93M","-1.22%"
"2021- 03- 16","65.80","65.45","66.75","63.55","18.58M","-1.64%"
"2021- 03- 15","66.90","68.95","70.05","66.80","12.64M","-3.18%"
"2021- 03- 12","69.10","70.15","71.75","69.05","19.65M","2.45%"
"2021- 03- 11","67.45","69.10","69.75","66.25","22.40M","-6.97%"
"2021- 03- 10","72.50","68.90","73.04","68.65","26.58M","0.76%"
"2021- 03- 09","71.95","75.50","75.90","70.35","31.73M","-11.83%"
"2021- 03- 08","81.60","75.65","81.91","74.20","36.94M","8.51%"
"2021- 03- 05","75.20","76.70","83.90","74.50","60.67M","-4.57%"
"2021- 03- 04","78.80","75.45","81.80","73.05","64.77M","4.93%"
"2021- 03- 03","75.10","69.90","75.20","69.25","32.87M","8.68%"
"2021- 03- 02","69.10","65.60","69.30","65.50","15.37M","4.78%"
"2021- 03- 01","65.95","68.90","69.90","65.70","19.14M","-8.91%"
"2021- 02- 26","72.40","71.30","74.80","69.00","43.30M","-1.50%"
"2021- 02- 25","73.50","68.20","74.45","66.55","37.99M","10.61%"
"2021- 02- 24","66.45","70.00","71.70","66.25","23.15M","-2.49%"
"2021- 02- 23","68.15","71.05","74.80","67.10","38.74M","0.81%"
"2021- 02- 22","67.60","65.25","67.70","64.50","20.62M","7.81%"
"2021- 02- 19","62.70","61.10","63.30","61.05","13.16M","1.29%"
"2021- 02- 18","61.90","63.15","64.15","61.50","17.51M","1.31%"
"2021- 02- 17","61.10","61.90","63.13","60.95","16.09M","1.50%"
"2021- 02- 16","60.20","59.30","60.90","58.80","11.20M","0.67%"
"2021- 02- 12","59.80","61.20","61.85","59.65","9.64M","-1.56%"
"2021- 02- 11","60.75","60.90","62.20","60.55","13.92M","-1.62%"
"2021- 02- 10","61.75","60.55","63.60","60.30","18.92M","0.65%"
"2021- 02- 09","61.35","61.90","61.90","60.70","9.40M","0.08%"
"2021- 02- 08","61.30","61.60","62.59","61.25","8.83M","-2.00%"
"2021- 02- 05","62.55","62.70","63.70","62.00","9.37M","-1.03%"
"2021- 02- 04","63.20","64.65","65.55","63.20","9.42M","-3.51%"
"2021- 02- 03","65.50","63.55","65.59","63.33","10.64M","1.00%"
"2021- 02- 02","64.85","66.20","66.30","64.05","11.60M","-4.70%"
"2021- 02- 01","68.05","71.15","72.59","67.45","16.81M","-7.48%"
"2021- 01- 29","73.55","70.35","74.85","69.65","22.24M","6.21%"
"2021- 01- 28","69.25","69.75","70.15","65.91","16.43M","-1.56%"
"2021- 01- 27","70.35","66.45","71.75","66.45","21.58M","8.15%"
"2021- 01- 26","65.05","64.95","65.95","64.40","9.03M","-0.15%"
"2021- 01- 25","65.15","64.90","69.55","64.05","20.29M","-2.76%"
"2021- 01- 22","67.00","67.15","67.50","66.40","7.42M","0.90%"
"2021- 01- 21","66.40","67.35","68.15","66.00","9.40M","-2.57%"
"2021- 01- 20","68.15","70.65","70.95","67.50","13.11M","-6.90%"
"2021- 01- 19","73.20","74.80","75.65","72.85","8.95M","-4.44%"
"2021- 01- 15","76.60","75.05","77.50","74.25","12.32M","2.41%"
"2021- 01- 14","74.80","73.30","75.15","72.60","7.09M","1.49%"
"2021- 01- 13","73.70","75.00","75.40","73.05","8.39M","-1.86%"
"2021- 01- 12","75.10","74.75","77.10","73.95","11.16M","0.40%"
"2021- 01- 11","74.80","73.75","75.25","72.90","13.54M","4.32%"
"2021- 01- 08","71.70","72.95","74.55","71.45","17.44M","-3.69%"
"2021- 01- 07","74.45","78.30","78.31","73.93","12.02M","-7.46%"
"2021- 01- 06","80.45","80.80","81.63","77.20","20.57M","4.14%"
"2021- 01- 05","77.25","80.00","80.00","77.13","10.12M","-2.46%"
"2021- 01- 04","79.20","75.00","82.22","74.90","17.90M","4.35%"
"2020- 12- 31","75.90","76.60","77.45","75.68","7.17M","-0.85%"
"2020- 12- 30","76.55","75.70","77.05","75.45","5.64M","0.00%"
"2020- 12- 29","76.55","75.80","77.30","75.30","9.78M","-0.26%"
"2020- 12- 28","76.75","77.10","78.55","76.40","7.75M","-3.03%"
"2020- 12- 24","79.15","80.00","80.10","78.80","3.95M","-1.31%"
"2020- 12- 23","80.20","79.05","80.35","78.75","6.52M","1.45%"
"2020- 12- 22","79.05","79.00","81.30","78.30","9.33M","-0.88%"
"2020- 12- 21","79.75","81.55","83.75","79.25","13.82M","0.63%"
"2020- 12- 18","79.25","78.05","81.10","77.82","9.49M","0.96%"
"2020- 12- 17","78.50","78.85","79.80","78.35","6.10M","-2.06%"
"2020- 12- 16","80.15","81.15","82.00","79.50","7.95M","-1.66%"
"2020- 12- 15","81.50","82.25","84.15","81.50","7.71M","-3.09%"
"2020- 12- 14","84.10","85.00","85.05","82.45","8.45M","-2.21%"
"2020- 12- 11","86.00","86.90","88.95","85.95","10.84M","0.58%"
"2020- 12- 10","85.50","88.40","89.34","84.50","12.67M","-1.10%"
"2020- 12- 09","86.45","81.15","87.40","80.95","16.14M","6.73%"
"2020- 12- 08","81.00","82.20","83.69","80.75","6.80M","-0.98%"
"2020- 12- 07","81.80","83.10","83.25","81.55","6.23M","-1.68%"
"2020- 12- 04","83.20","84.30","84.85","83.15","6.15M","-1.25%"
"2020- 12- 03","84.25","84.45","84.90","82.95","6.93M","-0.41%"
"2020- 12- 02","84.60","86.00","87.60","84.35","7.91M","-0.41%"
"2020- 12- 01","84.95","86.45","87.40","83.50","10.40M","-4.01%"
"2020- 11- 30","88.50","88.70","92.78","88.10","10.76M","-0.56%"
"2020- 11- 27","89.00","89.70","90.00","87.90","4.68M","-2.68%"
"2020- 11- 25","91.45","92.30","93.14","90.90","6.93M","-1.93%"
"2020- 11- 24","93.25","96.20","98.15","92.75","9.07M","-4.16%"
"2020- 11- 23","97.30","96.30","99.70","95.00","7.79M","-0.05%"
"2020- 11- 20","97.35","95.50","97.40","94.75","6.99M","2.10%"
"2020- 11- 19","95.35","98.30","98.99","95.05","8.31M","-2.46%"
"2020- 11- 18","97.75","96.15","97.75","94.50","8.80M","2.36%"
"2020- 11- 17","95.50","94.45","96.25","94.15","7.93M","0.79%"
"2020- 11- 16","94.75","97.20","97.90","94.35","8.54M","-2.27%"
"2020- 11- 13","96.95","97.85","100.15","96.32","10.51M","-2.56%"
"2020- 11- 12","99.50","97.25","100.78","95.85","14.18M","1.32%"
"2020- 11- 11","98.20","102.55","102.95","97.70","13.32M","-6.65%"
"2020- 11- 10","105.20","103.40","108.25","101.90","25.87M","5.31%"
"2020- 11- 09","99.90","91.45","100.35","89.90","23.13M","6.11%"
"2020- 11- 06","94.15","95.25","98.80","93.50","18.06M","-0.37%"
"2020- 11- 05","94.50","95.45","97.00","93.35","17.66M","-7.71%"
"2020- 11- 04","102.40","106.75","108.95","100.05","24.01M","-13.51%"
"2020- 11- 03","118.40","122.10","123.50","115.25","17.41M","-5.09%"
"2020- 11- 02","124.75","122.25","128.90","119.75","17.12M","-0.32%"
"2020- 10- 30","125.15","119.30","128.55","118.21","25.44M","7.15%"
"2020- 10- 29","116.80","121.30","122.05","112.55","15.37M","-5.23%"
"2020- 10- 28","123.25","115.75","123.55","115.00","20.05M","11.74%"
"2020- 10- 27","110.30","111.80","113.35","109.35","11.86M","-2.30%"
"2020- 10- 26","112.90","110.80","117.24","107.55","16.92M","4.54%"
"2020- 10- 23","108.00","108.00","111.55","107.95","9.75M","-0.69%"
"2020- 10- 22","108.75","107.80","112.69","106.75","14.61M","-0.05%"
"2020- 10- 21","108.80","108.20","109.35","105.20","12.65M","0.32%"
"2020- 10- 20","108.45","108.25","110.25","104.80","14.85M","-0.73%"
"2020- 10- 19","109.25","102.10","110.40","101.00","14.53M","4.85%"
"2020- 10- 16","104.20","100.70","104.55","99.15","9.81M","1.56%"
"2020- 10- 15","102.60","105.45","106.20","101.85","13.69M","2.14%"
"2020- 10- 14","100.45","97.20","102.30","96.20","14.14M","2.50%"
"2020- 10- 13","98.00","96.25","99.45","95.50","11.60M","-0.10%"
"2020- 10- 12","98.10","102.55","103.80","94.75","17.24M","-9.25%"
"2020- 10- 09","108.10","111.20","111.70","107.95","8.60M","-4.51%"
"2020- 10- 08","113.20","112.15","114.60","112.00","7.65M","-1.65%"
"2020- 10- 07","115.10","117.90","118.65","114.05","10.22M","-5.27%"
"2020- 10- 06","121.50","116.35","122.60","114.00","17.24M","5.38%"
"2020- 10- 05","115.30","120.50","120.60","114.85","9.29M","-6.30%"
"2020- 10- 02","123.05","121.10","124.30","116.65","22.06M","8.27%"
"2020- 10- 01","113.65","114.25","116.70","112.85","13.97M","-4.70%"
"2020- 09- 30","119.25","121.60","121.95","115.05","16.55M","-2.13%"
"2020- 09- 29","121.85","120.90","122.60","119.53","10.27M","1.29%"
"2020- 09- 28","120.30","121.10","124.95","120.20","14.72M","-6.13%"
"2020- 09- 25","128.15","137.10","139.50","126.90","18.60M","-7.04%"
"2020- 09- 24","137.85","143.85","144.45","132.55","25.68M","-1.54%"
"2020- 09- 23","140.00","128.60","141.05","128.29","20.02M","9.29%"
"2020- 09- 22","128.10","131.75","137.14","127.18","14.78M","-5.50%"
"2020- 09- 21","135.55","143.40","147.10","135.45","22.74M","-1.35%"
"2020- 09- 18","137.40","130.30","143.50","129.67","23.65M","4.01%"
"2020- 09- 17","132.10","136.00","137.25","129.35","21.99M","4.51%"
"2020- 09- 16","126.40","119.60","126.70","118.85","14.48M","4.90%"
"2020- 09- 15","120.50","120.75","123.00","118.60","12.76M","-4.37%"
"2020- 09- 14","126.00","127.10","129.10","122.85","14.41M","-5.12%"
"2020- 09- 11","132.80","127.20","138.00","125.97","24.12M","2.11%"
"2020- 09- 10","130.05","118.75","132.50","117.10","20.13M","5.73%"
"2020- 09- 09","123.00","126.40","130.10","119.60","15.15M","-8.65%"
"2020- 09- 08","134.65","131.85","135.05","124.35","24.15M","14.21%"
"2020- 09- 04","117.90","115.15","131.70","111.35","41.57M","3.97%"
"2020- 09- 03","113.40","102.70","116.20","102.35","34.57M","15.36%"
"2020- 09- 02","98.30","97.85","104.28","97.75","15.66M","-2.87%"
"2020- 09- 01","101.20","103.80","105.65","101.10","9.77M","-5.20%"
"2020- 08- 31","106.75","108.70","109.21","104.57","9.77M","-2.29%"
"2020- 08- 28","109.25","109.65","111.15","108.60","7.18M","-1.67%"
"2020- 08- 27","111.10","108.75","113.70","107.85","12.69M","1.00%"
"2020- 08- 26","110.00","116.05","116.18","109.82","9.68M","-6.42%"
"2020- 08- 25","117.55","121.40","122.00","117.50","5.85M","-2.33%"
"2020- 08- 24","120.35","118.45","123.47","117.30","7.45M","-1.92%"
"2020- 08- 21","122.70","125.15","125.95","122.10","6.62M","-2.08%"
"2020- 08- 20","125.30","131.95","132.50","124.60","6.68M","-4.20%"
"2020- 08- 19","130.80","128.25","131.40","126.70","6.55M","1.99%"
"2020- 08- 18","128.25","130.45","132.60","127.50","4.64M","-2.84%"
"2020- 08- 17","132.00","134.00","134.50","131.50","2.15M","-3.65%"
"2020- 08- 14","137.00","135.50","139.00","135.00","2.80M","0.55%"
"2020- 08- 13","136.25","136.25","137.75","132.75","3.98M","-0.55%"
"2020- 08- 12","137.00","144.75","145.00","135.50","4.28M","-7.74%"
"2020- 08- 11","148.50","142.50","149.50","140.25","4.16M","5.69%"
"2020- 08- 10","140.50","138.25","146.25","138.00","4.15M","1.44%"
"2020- 08- 07","138.50","135.00","142.00","133.75","4.69M","3.36%"
"2020- 08- 06","134.00","140.25","141.00","133.50","3.76M","-4.11%"
"2020- 08- 05","139.75","140.00","141.50","139.00","2.22M","-0.53%"
"2020- 08- 04","140.50","143.50","144.50","140.50","2.72M","-1.32%"
"2020- 08- 03","142.38","144.75","145.00","141.00","3.36M","-3.96%"
"2020- 07- 31","148.25","148.25","157.25","148.00","4.57M","-5.27%"
"2020- 07- 30","156.50","163.25","165.25","155.75","4.25M","-1.57%"
"2020- 07- 29","159.00","162.00","163.00","157.50","2.57M","-3.49%"
"2020- 07- 28","164.75","160.50","165.50","159.25","2.78M","3.78%"
"2020- 07- 27","158.75","164.73","166.25","158.25","3.28M","-5.51%"
"2020- 07- 24","168.00","171.00","176.00","165.25","6.78M","2.91%"
"2020- 07- 23","163.25","152.25","166.00","151.00","5.51M","7.93%"
"2020- 07- 22","151.25","152.25","155.75","149.75","2.98M","-1.14%"
"2020- 07- 21","153.00","145.75","154.50","145.75","4.05M","3.03%"
"2020- 07- 20","148.50","161.00","163.50","147.25","3.96M","-8.76%"
"2020- 07- 17","162.75","161.75","166.75","160.50","2.87M","-0.15%"
"2020- 07- 16","163.00","164.92","169.25","161.75","3.91M","2.19%"
"2020- 07- 15","159.50","158.25","166.00","156.25","4.22M","-0.62%"
"2020- 07- 14","160.50","168.75","175.25","159.75","8.37M","-2.13%"
"2020- 07- 13","164.00","149.50","165.75","144.50","6.75M","6.15%"
"2020- 07- 10","154.50","158.25","163.25","154.25","3.31M","-2.22%"
"2020- 07- 09","158.00","158.75","166.50","156.50","4.60M","-2.47%"
"2020- 07- 08","162.00","165.88","168.98","161.97","3.14M","-4.00%"
"2020- 07- 07","168.75","166.25","169.25","160.50","3.80M","1.96%"
"2020- 07- 06","165.50","171.75","171.75","164.00","3.55M","-7.28%"
"2020- 07- 02","178.50","177.00","179.50","174.00","3.06M","-2.06%"
"2020- 07- 01","182.25","188.75","190.00","179.75","3.36M","-3.57%"
"2020- 06- 30","189.00","201.00","201.50","187.50","2.84M","-6.09%"
"2020- 06- 29","201.25","208.00","215.00","200.75","3.21M","-3.01%"
"2020- 06- 26","207.50","194.50","208.75","194.00","3.97M","7.24%"
"2020- 06- 25","193.50","199.25","205.75","193.00","3.36M","-2.76%"
"2020- 06- 24","199.00","190.00","203.00","186.75","5.00M","5.85%"
"2020- 06- 23","188.00","188.75","190.25","182.50","3.03M","-2.59%"
"2020- 06- 22","193.00","200.25","201.00","192.50","2.22M","-3.50%"
"2020- 06- 19","200.00","193.75","204.50","193.00","2.80M","0.13%"
"2020- 06- 18","199.75","202.50","204.50","199.25","1.81M","-0.87%"
"2020- 06- 17","201.50","199.75","204.00","196.75","2.48M","-1.10%"
"2020- 06- 16","203.75","200.75","213.75","199.25","3.80M","-5.01%"
"2020- 06- 15","214.50","232.50","235.25","212.50","3.63M","-3.70%"
"2020- 06- 12","222.75","213.25","235.00","209.50","5.28M","-2.30%"
"2020- 06- 11","228.00","208.25","228.50","205.00","4.74M","15.01%"
"2020- 06- 10","198.25","201.75","203.25","194.75","2.95M","-3.76%"
"2020- 06- 09","206.00","213.25","213.62","203.75","2.24M","-2.25%"
"2020- 06- 08","210.75","216.50","220.50","210.50","1.78M","-2.43%"
"2020- 06- 05","216.00","226.75","227.75","214.00","2.93M","-5.88%"
"2020- 06- 04","229.50","226.00","233.50","221.75","2.11M","2.34%"
"2020- 06- 03","224.25","226.12","228.75","222.51","1.94M","-1.75%"
"2020- 06- 02","228.25","231.75","238.75","227.75","2.16M","-1.83%"
"2020- 06- 01","232.50","238.00","239.00","231.50","1.61M","-1.38%"
"2020- 05- 29","235.75","244.25","249.50","234.00","3.40M","-4.07%"
"2020- 05- 28","245.75","248.25","248.75","234.50","3.00M","0.51%"
"2020- 05- 27","244.50","250.25","265.50","244.25","3.30M","-1.41%"
"2020- 05- 26","248.00","235.00","249.75","234.25","2.01M","0.51%"
"2020- 05- 22","246.75","251.00","254.00","246.00","1.75M","-0.90%"
"2020- 05- 21","249.00","241.25","251.00","239.25","2.65M","3.11%"
"2020- 05- 20","241.50","248.00","248.00","240.25","2.28M","-6.12%"
"2020- 05- 19","257.25","254.50","257.50","247.00","2.30M","0.88%"
"2020- 05- 18","255.00","259.50","262.25","251.25","2.35M","-5.56%"
"2020- 05- 15","270.00","287.00","288.75","270.00","2.98M","-2.00%"
"2020- 05- 14","275.50","290.25","298.50","275.50","3.19M","-3.33%"
"2020- 05- 13","285.00","273.00","295.00","265.75","4.38M","3.73%"
"2020- 05- 12","274.75","256.75","275.00","254.50","2.63M","5.98%"
"2020- 05- 11","259.25","270.75","271.75","255.00","2.23M","-2.54%"
"2020- 05- 08","266.00","270.75","275.00","265.25","2.11M","-4.06%"
"2020- 05- 07","277.25","277.50","283.00","273.75","2.37M","-3.90%"
"2020- 05- 06","288.50","287.25","292.25","280.25","2.30M","-1.87%"
"2020- 05- 05","294.00","295.00","297.50","283.50","2.04M","-3.37%"
"2020- 05- 04","304.25","320.50","322.75","303.25","1.76M","-3.57%"
"2020- 05- 01","315.50","308.25","319.75","299.75","2.59M","8.98%"
"2020- 04- 30","289.50","286.75","297.25","286.50","2.24M","-0.69%"
"2020- 04- 29","291.50","303.75","308.50","286.25","2.72M","-10.31%"
"2020- 04- 28","325.00","300.50","326.50","300.25","2.61M","5.26%"
"2020- 04- 27","308.75","305.25","312.50","303.00","1.84M","-1.98%"
"2020- 04- 24","315.00","329.25","336.00","313.62","2.41M","-4.91%"
"2020- 04- 23","331.25","325.00","333.50","313.00","2.62M","0.76%"
"2020- 04- 22","328.75","338.75","343.75","322.25","2.12M","-9.00%"
"2020- 04- 21","361.25","335.00","367.25","332.75","3.66M","10.98%"
"2020- 04- 20","325.50","323.00","326.00","311.75","2.15M","3.25%"
"2020- 04- 17","315.25","310.75","329.00","308.75","2.87M","-2.47%"
"2020- 04- 16","323.25","330.75","341.25","318.25","3.60M","-5.41%"
"2020- 04- 15","341.75","346.75","353.25","333.75","2.63M","3.33%"
"2020- 04- 14","330.75","357.50","361.50","328.00","3.28M","-13.07%"
"2020- 04- 13","380.50","398.50","405.75","378.25","2.85M","-3.37%"
"2020- 04- 09","393.75","385.50","404.50","379.50","3.98M","-0.51%"
"2020- 04- 08","395.75","410.25","422.50","391.25","3.35M","-6.33%"
"2020- 04- 07","422.50","385.50","424.50","383.00","4.15M","-0.29%"
"2020- 04- 06","423.75","477.25","487.00","413.75","3.61M","-21.02%"
"2020- 04- 03","536.50","521.00","555.50","507.75","3.17M","3.92%"
"2020- 04- 02","516.25","556.50","562.00","515.25","4.08M","-5.92%"
"2020- 04- 01","548.75","530.00","560.75","508.50","3.57M","12.80%"
"2020- 03- 31","486.50","479.00","496.50","452.00","3.69M","2.21%"
"2020- 03- 30","476.00","519.00","525.50","472.75","3.49M","-10.82%"
"2020- 03- 27","533.75","522.25","539.00","496.00","3.32M","9.66%"
"2020- 03- 26","486.75","563.50","566.00","480.25","4.48M","-15.93%"
"2020- 03- 25","579.00","560.75","600.75","514.00","4.22M","1.40%"
"2020- 03- 24","571.00","624.00","642.25","570.25","4.36M","-22.52%"
"2020- 03- 23","737.00","730.25","806.25","690.00","4.04M","0.55%"
"2020- 03- 20","733.00","618.00","744.00","606.25","4.16M","10.23%"
"2020- 03- 19","665.00","683.25","733.00","595.50","4.16M","-1.26%"
"2020- 03- 18","673.50","731.50","775.00","652.75","3.40M","7.42%"
"2020- 03- 17","627.00","714.75","789.75","593.25","4.18M","-18.28%"
"2020- 03- 16","767.25","750.00","786.50","654.00","3.38M","32.74%"
"2020- 03- 13","578.00","675.75","795.00","575.00","3.85M","-28.35%"
"2020- 03- 12","806.75","757.50","810.75","677.50","3.43M","27.65%"
"2020- 03- 11","632.00","601.25","654.00","588.25","2.43M","12.36%"
"2020- 03- 10","562.50","592.25","668.50","562.50","2.92M","-15.60%"
"2020- 03- 09","666.50","668.75","675.75","608.25","2.62M","20.69%"
"2020- 03- 06","552.25","579.12","591.75","545.25","3.22M","4.99%"
"2020- 03- 05","526.00","520.50","536.75","495.00","2.26M","8.85%"
"2020- 03- 04","483.25","521.00","536.25","482.75","2.56M","-12.45%"
"2020- 03- 03","552.00","498.25","564.25","480.50","3.46M","10.01%"
"2020- 03- 02","501.75","567.75","592.50","501.00","3.04M","-14.23%"
"2020- 02- 28","585.00","653.25","660.00","581.75","5.05M","-1.52%"
"2020- 02- 27","594.00","556.25","595.75","532.25","4.24M","14.95%"
"2020- 02- 26","516.75","516.00","528.50","489.00","3.05M","-1.43%"
"2020- 02- 25","524.25","473.25","529.00","468.25","3.55M","8.04%"
"2020- 02- 24","485.25","482.50","491.50","469.00","2.80M","11.62%"
"2020- 02- 21","434.75","416.75","439.75","415.25","1.54M","5.71%"
"2020- 02- 20","411.25","402.25","425.62","400.00","1.24M","2.88%"
"2020- 02- 19","399.75","404.25","405.75","397.25","641.74K","-2.80%"
"2020- 02- 18","411.25","418.25","419.50","409.00","780.13K","-0.24%"
"2020- 02- 14","412.25","413.75","417.75","410.75","645.57K","-0.78%"
"2020- 02- 13","415.50","422.75","423.91","410.25","839.46K","0.42%"
"2020- 02- 12","413.75","418.75","421.75","413.00","639.88K","-2.88%"
"2020- 02- 11","426.00","419.25","429.50","415.00","989.59K","0.00%"
"2020- 02- 10","426.00","446.75","447.00","426.00","764.27K","-3.62%"
"2020- 02- 07","442.00","442.25","446.00","435.00","883.95K","1.26%"
"2020- 02- 06","436.50","444.75","449.50","436.00","696.23K","-2.46%"
"2020- 02- 05","447.50","436.00","456.00","436.00","1.11M","-1.16%"
"2020- 02- 04","452.75","466.00","470.75","449.75","1.40M","-6.84%"
"2020- 02- 03","486.00","501.50","502.50","482.00","1.24M","-4.52%"
"2020- 01- 31","509.00","479.27","513.75","479.25","1.46M","4.89%"
"2020- 01- 30","485.25","500.00","504.75","484.75","1.21M","-1.12%"
"2020- 01- 29","490.75","484.50","497.00","483.00","769.47K","-0.41%"
"2020- 01- 28","492.75","506.00","509.75","489.25","842.02K","-4.60%"
"2020- 01- 27","516.50","518.75","523.00","508.75","1.17M","6.17%"
"2020- 01- 24","486.50","468.00","493.00","466.06","984.27K","2.58%"
"2020- 01- 23","474.25","479.75","486.25","473.75","710.79K","-0.94%"
"2020- 01- 22","478.75","475.25","480.50","470.25","544.91K","-0.78%"
"2020- 01- 21","482.50","486.00","486.25","478.75","492.36K","0.21%"
"2020- 01- 17","481.50","482.62","490.00","480.50","559.14K","-1.53%"
"2020- 01- 16","489.00","496.00","499.00","488.75","634.76K","-2.83%"